Hugo_Symbol	HGVSp_Short	Variant_Classification	Chromosome	Start_Position	Reference_Allele	Tumor_Seq_Allele2	hotspot_status	hotspot_tumor_count	clinvar_significance	clinvar_condition	amp_tier
KRAS	p.G12C	Missense_Mutation	12	25398285	C	A	Hotspot	2175	Not_found		Tier_I
PIK3CA	p.E545K	Missense_Mutation	3	178936091	G	A	Hotspot	633	Not_found		Tier_II
BRAF	p.A762E	Missense_Mutation	7	140434413	G	T	Not_Hotspot	0	Not_found		Tier_IV
TP53	p.V272G	Missense_Mutation	17	7577123	A	C	Hotspot	66	Not_found		Tier_II
ARID1A	p.E1760*	Nonsense_Mutation	1	27105667	G	T	Not_Hotspot	0	Not_found		Tier_IV
ALK	p.V349F	Missense_Mutation	2	29754890	C	A	Hotspot	2	Not_found		Tier_II
BRAF	p.L613F	Missense_Mutation	7	140453096	C	A	Not_Hotspot	0	Not_found		Tier_IV
EGFR	p.R222L	Missense_Mutation	7	55220275	G	T	Hotspot	16	Not_found		Tier_II
EGFR	p.E545Q	Missense_Mutation	7	55231427	G	C	Hotspot	633	Not_found		Tier_II
CDKN2A	p.M53I	Missense_Mutation	9	21971199	C	G	Hotspot	17	Not_found		Tier_II
ERBB2	p.X633_splice	Splice_Site	17	37876038	A	T	Not_Hotspot	0	Not_found		Tier_IV
TP53	p.Y205C	Missense_Mutation	17	7578235	T	C	Hotspot	61	Not_found		Tier_II
KEAP1	p.G524C	Missense_Mutation	19	10600006	C	A	Hotspot	9	Not_found		Tier_II
KEAP1	p.F246L	Missense_Mutation	19	10602840	G	C	Hotspot	37	Not_found		Tier_II
BRAF	p.G469V	Missense_Mutation	7	140481402	C	A	Hotspot	61	Not_found		Tier_II
KRAS	p.G12V	Missense_Mutation	12	25398284	C	A	Hotspot	2175	Not_found		Tier_II
TP53	p.C176Y	Missense_Mutation	17	7578403	C	T	Hotspot	115	Not_found		Tier_II
KEAP1	p.D479G	Missense_Mutation	19	10600419	T	C	Hotspot	57	Not_found		Tier_II
STK11	p.G56W	Missense_Mutation	19	1207078	G	T	Hotspot	5	Not_found		Tier_II
TP53	p.K139Rfs*31	Frame_Shift_Del	17	7578514	T	-	Hotspot	8	Not_found		Tier_II
RB1	p.D697E	Missense_Mutation	13	49033954	C	G	Hotspot	4	Not_found		Tier_II
TP53	p.R249Gfs*96	Frame_Shift_Del	17	7577537	C	-	Hotspot	114	Not_found		Tier_II
ALK	p.L80M	Missense_Mutation	2	30143288	G	T	Hotspot	99	Not_found		Tier_II
TP53	p.G105D	Missense_Mutation	17	7579373	C	T	Hotspot	28	Not_found		Tier_II
TP53	p.V173Afs*69	Frame_Shift_Del	17	7578397	TGGGGGCAGCGCCTCA	-	Hotspot	78	Not_found		Tier_II
EGFR	p.T751_I759delinsN	In_Frame_Del	7	55242482	CATCTCCGAAAGCCAACAAGGAAAT	A	Not_Hotspot	0	Not_found		Tier_IV
EGFR	p.I759N	Missense_Mutation	7	55242506	T	A	Not_Hotspot	0	Not_found		Tier_IV
MET	p.H476Y	Missense_Mutation	7	116380037	C	T	Not_Hotspot	0	Not_found		Tier_IV
TP53	p.C277F	Missense_Mutation	17	7577108	C	A	Hotspot	28	Not_found		Tier_II
TP53	p.R175H	Missense_Mutation	17	7578406	C	T	Hotspot	416	Not_found		Tier_II
TP53	p.D281V	Missense_Mutation	17	7577096	T	A	Hotspot	69	Not_found		Tier_II
ALK	p.T1102I	Missense_Mutation	2	29446262	G	A	Hotspot	5	Not_found		Tier_II
BRAF	p.G466V	Missense_Mutation	7	140481411	C	A	Hotspot	34	Not_found		Tier_II
EGFR	p.R377S	Missense_Mutation	7	55224350	G	T	Hotspot	17	Not_found		Tier_II
RB1	p.Y756C	Missense_Mutation	13	49039189	A	G	Not_Hotspot	0	Not_found		Tier_II
STK11	p.L228Rfs*33	Frame_Shift_Del	19	1220663	CCTGGACACCTTCT	-	Hotspot	8	Not_found		Tier_II
STK11	p.H168R	Missense_Mutation	19	1220410	A	G	Hotspot	19	Not_found		Tier_II
KEAP1	p.R460G	Missense_Mutation	19	10600477	T	C	Not_Hotspot	0	Not_found		Tier_II
TP53	p.R280I	Missense_Mutation	17	7577099	C	A	Hotspot	109	Not_found		Tier_II
NF1	p.E2357*	Nonsense_Mutation	17	29670033	G	T	Not_Hotspot	0	Not_found		Tier_II
TP53	p.L194R	Missense_Mutation	17	7578268	A	C	Hotspot	49	Not_found		Tier_II
ARID1A	p.Q435*	Nonsense_Mutation	1	27056307	C	T	Not_Hotspot	0	Not_found		Tier_IV
TP53	p.T155I	Missense_Mutation	17	7578466	G	A	Hotspot	14	Not_found		Tier_II
CDKN2A	p.X51_splice	Splice_Site	9	21971209	T	A	Hotspot	20	Not_found		Tier_II
TP53	p.D281N	Missense_Mutation	17	7577097	C	T	Hotspot	69	Not_found		Tier_II
ARID1A	p.K389Q	Missense_Mutation	1	27056169	A	C	Not_Hotspot	0	Not_found		Tier_IV
TP53	p.R249M	Missense_Mutation	17	7577535	C	A	Hotspot	114	Not_found		Tier_II
RET	p.R77L	Missense_Mutation	10	43596063	G	T	Hotspot	7	Not_found		Tier_II
TP53	p.R342*	Nonsense_Mutation	17	7574003	G	A	Hotspot	137	Not_found		Tier_II
TP53	p.D281E	Missense_Mutation	17	7577095	G	T	Hotspot	69	Not_found		Tier_II
ALK	p.G263V	Missense_Mutation	2	29917880	C	A	Hotspot	4	Not_found		Tier_II
ALK	p.X263_splice	Splice_Site	2	29917881	C	T	Hotspot	4	Not_found		Tier_II
TP53	p.R196*	Nonsense_Mutation	17	7578263	G	A	Hotspot	141	Not_found		Tier_II
CDKN2A	p.H83Y	Missense_Mutation	9	21971111	G	A	Hotspot	62	Not_found		Tier_II
ERBB2	p.G776delinsVC	In_Frame_Ins	17	37880997	-	TAT	Hotspot	6	Not_found		Tier_I
TP53	p.I195M	Missense_Mutation	17	7578264	G	C	Hotspot	79	Not_found		Tier_II
EGFR	p.L833F	Missense_Mutation	7	55259441	G	T	Hotspot	5	Not_found		Tier_II
EGFR	p.L861Q	Missense_Mutation	7	55259524	T	A	Hotspot	21	Not_found		Tier_II
TP53	p.E68*	Nonsense_Mutation	17	7579485	C	A	Hotspot	11	Not_found		Tier_II
STK11	p.X288_splice	Splice_Site	19	1221340	G	T	Hotspot	8	Not_found		Tier_II
TP53	p.C238Y	Missense_Mutation	17	7577568	C	T	Hotspot	77	Not_found		Tier_II
BRAF	p.D594N	Missense_Mutation	7	140453155	C	T	Hotspot	51	Not_found		Tier_II
SMAD4	p.D493N	Missense_Mutation	18	48604655	G	A	Hotspot	7	Not_found		Tier_II
ERBB2	p.Y772_A775dup	In_Frame_Ins	17	37880981	-	GCATACGTGATG	Hotspot	34	Not_found		Tier_II
SMAD4	p.S242*	Nonsense_Mutation	18	48584552	C	G	Hotspot	59	Not_found		Tier_II
ARID1A	p.Q754*	Nonsense_Mutation	1	27088651	C	T	Hotspot	3	Not_found		Tier_II
KEAP1	p.E449*	Nonsense_Mutation	19	10600510	C	A	Not_Hotspot	0	Not_found		Tier_II
STK11	p.X245_splice	Splice_Site	19	1220717	G	T	Hotspot	242	Not_found		Tier_II
TP53	p.X224_splice	Splice_Site	17	7578175	A	G	Hotspot	39	Not_found		Tier_II
TP53	p.W146*	Nonsense_Mutation	17	7578492	C	T	Hotspot	86	Not_found		Tier_II
RB1	p.R500*	Nonsense_Mutation	13	48954377	A	T	Hotspot	6	Not_found		Tier_II
TP53	p.S241F	Missense_Mutation	17	7577559	G	A	Hotspot	97	Not_found		Tier_II
KEAP1	p.E593Rfs*2	Frame_Shift_Del	19	10597426	C	-	Not_Hotspot	0	Not_found		Tier_II
SMAD4	p.G358*	Nonsense_Mutation	18	48591909	G	T	Not_Hotspot	0	Not_found		Tier_IV
CDKN2A	p.D84V	Missense_Mutation	9	21971107	T	A	Hotspot	26	Not_found		Tier_II
ALK	p.D460Y	Missense_Mutation	2	29551252	C	A	Not_Hotspot	0	Not_found		Tier_IV
EGFR	p.L62R	Missense_Mutation	7	55210075	T	G	Hotspot	10	Not_found		Tier_II
EGFR	p.L858R	Missense_Mutation	7	55259515	T	G	Hotspot	144	Not_found		Tier_I
EGFR	p.E746_A750del	In_Frame_Del	7	55242465	GGAATTAAGAGAAGC	-	Not_Hotspot	0	Not_found		Tier_I
NF1	p.L1208F	Missense_Mutation	17	29560147	G	T	Not_Hotspot	0	Not_found		Tier_II
ERBB2	p.V308M	Missense_Mutation	17	37868201	G	A	Hotspot	3	Not_found		Tier_II
TP53	p.L201Ffs*8	Frame_Shift_Ins	17	7578246	-	A	Hotspot	139	Not_found		Tier_II
EGFR	p.G465R	Missense_Mutation	7	55227926	G	A	Hotspot	128	Not_found		Tier_II
TP53	p.K132R	Missense_Mutation	17	7578535	T	C	Hotspot	766	Not_found		Tier_II
NF1	p.Q1815L	Missense_Mutation	17	29654692	A	T	Not_Hotspot	0	Not_found		Tier_II
KEAP1	p.F139L	Missense_Mutation	19	10610293	G	T	Hotspot	8	Not_found		Tier_II
ARID1A	p.Q1357L	Missense_Mutation	1	27100358	A	T	Not_Hotspot	0	Not_found		Tier_IV
TP53	p.A159P	Missense_Mutation	17	7578455	C	G	Hotspot	52	Not_found		Tier_II
TP53	p.R283P	Missense_Mutation	17	7577090	C	G	Not_Hotspot	0	Not_found		Tier_IV
KEAP1	p.S144F	Missense_Mutation	19	10610279	G	A	Hotspot	23	Not_found		Tier_II
ERBB2	p.S310F	Missense_Mutation	17	37868208	C	T	Hotspot	113	Not_found		Tier_II
TP53	p.P72Rfs*51	Frame_Shift_Del	17	7579470	CGG	GC	Hotspot	18	Not_found		Tier_II
ALK	p.Q453H	Missense_Mutation	2	29551271	C	A	Hotspot	42	Not_found		Tier_II
NF1	p.G1668V	Missense_Mutation	17	29653005	G	T	Not_Hotspot	0	Not_found		Tier_II
MET	p.N315S	Missense_Mutation	7	116340082	A	G	Not_Hotspot	0	Not_found		Tier_IV
NF1	p.X1938_splice	Splice_Site	17	29657518	T	A	Not_Hotspot	0	Not_found		Tier_II
NF1	p.L2338H	Missense_Mutation	17	29667614	T	A	Not_Hotspot	0	Not_found		Tier_II
TP53	p.X126_splice	Splice_Site	17	7578556	T	A	Hotspot	75	Not_found		Tier_II
TP53	p.R280T	Missense_Mutation	17	7577099	C	G	Hotspot	109	Not_found		Tier_II
BRAF	p.N581S	Missense_Mutation	7	140453193	T	C	Hotspot	21	Not_found		Tier_II
BRAF	p.V600E	Missense_Mutation	7	140453136	A	T	Hotspot	897	Not_found		Tier_I
TP53	p.E286*	Nonsense_Mutation	17	7577082	C	A	Hotspot	27	Not_found		Tier_II
PIK3CA	p.D350N	Missense_Mutation	3	178921566	G	A	Hotspot	12	Not_found		Tier_II
TP53	p.E286G	Missense_Mutation	17	7577081	T	C	Hotspot	27	Not_found		Tier_II
KRAS	p.G12S	Missense_Mutation	12	25398285	C	T	Hotspot	2175	Not_found		Tier_II
TP53	p.R249S	Missense_Mutation	17	7577534	C	A	Hotspot	114	Not_found		Tier_II
KEAP1	p.G333D	Missense_Mutation	19	10602580	C	T	Hotspot	7	Not_found		Tier_II
NF1	p.R997S	Missense_Mutation	17	29557278	G	T	Not_Hotspot	0	Not_found		Tier_II
TP53	p.X307_splice	Splice_Site	17	7576928	T	C	Hotspot	77	Not_found		Tier_II
BRAF	p.S113I	Missense_Mutation	7	140534575	C	A	Hotspot	11	Not_found		Tier_II
ALK	p.E467D	Missense_Mutation	2	29551229	C	A	Hotspot	9	Not_found		Tier_II
NF1	p.H553Y	Missense_Mutation	17	29548883	C	T	Hotspot	23	Not_found		Tier_II
TP53	p.F109C	Missense_Mutation	17	7579361	A	C	Hotspot	16	Not_found		Tier_II
TP53	p.Q354*	Nonsense_Mutation	17	7573967	G	A	Hotspot	6	Not_found		Tier_II
PIK3CA	p.H1047R	Missense_Mutation	3	178952085	A	G	Hotspot	647	Not_found		Tier_II
EGFR	p.A767_V769dup	In_Frame_Ins	7	55248998	-	TGGCCAGCG	Hotspot	4	Not_found		Tier_II
CDKN2A	p.L94P	Missense_Mutation	9	21971077	A	G	Not_Hotspot	0	Not_found		Tier_II
CDKN2A	p.R58*	Nonsense_Mutation	9	21971186	G	A	Hotspot	62	Not_found		Tier_II
NF1	p.G520R	Missense_Mutation	17	29546053	G	C	Hotspot	11	Not_found		Tier_II
TP53	p.R337L	Missense_Mutation	17	7574017	C	A	Hotspot	40	Not_found		Tier_II
STK11	p.K108*	Nonsense_Mutation	19	1218447	A	T	Hotspot	29	Not_found		Tier_II
RET	p.P560H	Missense_Mutation	10	43608331	C	A	Hotspot	7	Not_found		Tier_II
TP53	p.X332_splice	Splice_Site	17	7574034	C	A	Hotspot	48	Not_found		Tier_II
TP53	p.R110L	Missense_Mutation	17	7579358	C	A	Hotspot	45	Not_found		Tier_II
EGFR	p.S768I	Missense_Mutation	7	55249005	G	T	Hotspot	15	Not_found		Tier_II
EGFR	p.V769L	Missense_Mutation	7	55249007	G	T	Hotspot	18	Not_found		Tier_II
TP53	p.G245C	Missense_Mutation	17	7577548	C	A	Hotspot	242	Not_found		Tier_II
RB1	p.K616Ifs*37	Frame_Shift_Ins	13	49030371	-	T	Hotspot	6	Not_found		Tier_II
NF1	p.E126*	Nonsense_Mutation	17	29490291	G	T	Hotspot	75	Not_found		Tier_II
TP53	p.H168L	Missense_Mutation	17	7578427	T	A	Hotspot	19	Not_found		Tier_II
KRAS	p.G12D	Missense_Mutation	12	25398284	C	T	Hotspot	2175	Not_found		Tier_II
KEAP1	p.V155A	Missense_Mutation	19	10610246	A	G	Hotspot	14	Not_found		Tier_II
STK11	p.Q220*	Nonsense_Mutation	19	1220640	C	T	Hotspot	152	Not_found		Tier_II
ALK	p.N871K	Missense_Mutation	2	29455189	G	T	Not_Hotspot	0	Not_found		Tier_IV
TP53	p.G245V	Missense_Mutation	17	7577547	C	A	Hotspot	242	Not_found		Tier_II
ALK	p.S439I	Missense_Mutation	2	29551314	C	A	Hotspot	88	Not_found		Tier_II
TP53	p.I232F	Missense_Mutation	17	7577587	T	A	Hotspot	15	Not_found		Tier_II
KEAP1	p.M110V	Missense_Mutation	19	10610382	T	C	Hotspot	45	Not_found		Tier_II
TP53	p.K132E	Missense_Mutation	17	7578536	T	C	Hotspot	766	Not_found		Tier_II
KEAP1	p.T142M	Missense_Mutation	19	10610285	G	A	Not_Hotspot	0	Not_found		Tier_II
STK11	p.K235*	Nonsense_Mutation	19	1220685	A	T	Hotspot	10	Not_found		Tier_II
RB1	p.X605_splice	Splice_Site	13	49027249	T	A	Hotspot	7	Not_found		Tier_II
TP53	p.E336*	Nonsense_Mutation	17	7574021	C	A	Hotspot	7	Not_found		Tier_II
KEAP1	p.V271M	Missense_Mutation	19	10602767	C	T	Hotspot	53	Not_found		Tier_II
TP53	p.R213*	Nonsense_Mutation	17	7578212	G	A	Hotspot	256	Not_found		Tier_II
ALK	p.E1016D	Missense_Mutation	2	29449807	C	A	Not_Hotspot	0	Not_found		Tier_IV
CDKN2A	p.D84N	Missense_Mutation	9	21971108	C	T	Hotspot	26	Not_found		Tier_II
RET	p.R494M	Missense_Mutation	10	43606872	G	T	Hotspot	8	Not_found		Tier_II
NF1	p.L494*	Nonsense_Mutation	17	29541557	T	A	Hotspot	8	Not_found		Tier_II
NF1	p.E1928Vfs*14	Frame_Shift_Del	17	29657487	AA	T	Not_Hotspot	0	Not_found		Tier_II
TP53	p.X261_splice	Splice_Site	17	7577157	T	A	Hotspot	51	Not_found		Tier_II
KEAP1	p.X570_splice	Splice_Site	19	10597495	C	A	Not_Hotspot	0	Not_found		Tier_II
ARID1A	p.N1203Y	Missense_Mutation	1	27099370	A	T	Not_Hotspot	0	Not_found		Tier_IV
RB1	p.X405_splice	Splice_Site	13	48947629	G	T	Hotspot	19	Not_found		Tier_II
SMAD4	p.Y95C	Missense_Mutation	18	48575090	A	G	Hotspot	6	Not_found		Tier_II
KEAP1	p.V271L	Missense_Mutation	19	10602767	C	A	Hotspot	53	Not_found		Tier_II
STK11	p.K84*	Nonsense_Mutation	19	1207162	A	T	Hotspot	26	Not_found		Tier_II
ARID1A	p.G701C	Missense_Mutation	1	27087527	G	T	Hotspot	4	Not_found		Tier_II
ALK	p.G446R	Missense_Mutation	2	29551294	C	T	Not_Hotspot	0	Not_found		Tier_IV
PIK3CA	p.E600K	Missense_Mutation	3	178937410	G	A	Hotspot	897	Not_found		Tier_II
KEAP1	p.P278S	Missense_Mutation	19	10602746	G	A	Hotspot	100	Not_found		Tier_II
STK11	p.K262*	Nonsense_Mutation	19	1221261	A	T	Hotspot	17	Not_found		Tier_II
MET	p.T660R	Missense_Mutation	7	116397705	C	G	Hotspot	5	Not_found		Tier_II
KRAS	p.G12A	Missense_Mutation	12	25398284	C	G	Hotspot	2175	Not_found		Tier_II
KRAS	p.L19F	Missense_Mutation	12	25398262	C	G	Hotspot	12	Not_found		Tier_II
TP53	p.E171*	Nonsense_Mutation	17	7578419	C	A	Hotspot	16	Not_found		Tier_II
NF1	p.L81V	Missense_Mutation	17	29486064	C	G	Hotspot	19	Not_found		Tier_II
STK11	p.X155_splice	Splice_Site	19	1220370	A	C	Hotspot	14	Not_found		Tier_II
STK11	p.X155_splice	Splice_Site	19	1220371	G	T	Hotspot	14	Not_found		Tier_II
TP53	p.E349*	Nonsense_Mutation	17	7573982	C	A	Hotspot	2	Not_found		Tier_II
STK11	p.E199*	Nonsense_Mutation	19	1220502	G	T	Hotspot	4	Not_found		Tier_II
TP53	p.S127F	Missense_Mutation	17	7578550	G	A	Hotspot	48	Not_found		Tier_II
KEAP1	p.L175Wfs*55	Frame_Shift_Del	19	10610187	G	-	Hotspot	416	Not_found		Tier_II
STK11	p.D53Gfs*110	Frame_Shift_Ins	19	1207064	-	G	Hotspot	17	Not_found		Tier_II
TP53	p.H193L	Missense_Mutation	17	7578271	T	A	Hotspot	123	Not_found		Tier_II
MET	p.X1028_splice	Splice_Site	7	116412045	T	G	Not_Hotspot	0	Not_found		Tier_I
KEAP1	p.C613Afs*59	Frame_Shift_Del	19	10597367	G	-	Not_Hotspot	0	Not_found		Tier_II
TP53	p.W53*	Nonsense_Mutation	17	7579528	C	T	Hotspot	17	Not_found		Tier_II
EGFR	p.G719C	Missense_Mutation	7	55241707	G	T	Hotspot	33	Not_found		Tier_II
KEAP1	p.G333S	Missense_Mutation	19	10602581	C	T	Hotspot	7	Not_found		Tier_II
TP53	p.H178Tfs*69	Frame_Shift_Del	17	7578398	G	-	Hotspot	12	Not_found		Tier_II
TP53	p.P77L	Missense_Mutation	17	7579457	G	A	Hotspot	7	Not_found		Tier_II
STK11	p.E70*	Nonsense_Mutation	19	1207120	G	T	Hotspot	15	Not_found		Tier_II
NF1	p.G751*	Nonsense_Mutation	17	29553702	G	T	Not_Hotspot	0	Not_found		Tier_II
KEAP1	p.Q284L	Missense_Mutation	19	10602727	T	A	Hotspot	13	Not_found		Tier_II
U2AF1	p.S34F	Missense_Mutation	21	44524456	G	A	Hotspot	85	Not_found		Tier_II
SMAD4	p.R361H	Missense_Mutation	18	48591919	G	A	Hotspot	124	Not_found		Tier_II
EGFR	p.T790M	Missense_Mutation	7	55249071	C	T	Hotspot	60	Not_found		Tier_I
EGFR	p.E746_A750del	In_Frame_Del	7	55242466	GAATTAAGAGAAGCA	-	Not_Hotspot	0	Not_found		Tier_I
RET	p.T350N	Missense_Mutation	10	43602005	C	A	Hotspot	12	Not_found		Tier_II
CDKN2A	p.A73D	Missense_Mutation	9	21971140	G	T	Hotspot	6	Not_found		Tier_II
KRAS	p.G13D	Missense_Mutation	12	25398281	C	T	Hotspot	264	Not_found		Tier_II
KEAP1	p.M503K	Missense_Mutation	19	10600347	A	T	Hotspot	9	Not_found		Tier_II
KEAP1	p.R470C	Missense_Mutation	19	10600447	G	A	Hotspot	10	Not_found		Tier_II
STK11	p.D176A	Missense_Mutation	19	1220434	A	C	Hotspot	115	Not_found		Tier_II
KEAP1	p.R470S	Missense_Mutation	19	10600447	G	T	Hotspot	10	Not_found		Tier_II
KEAP1	p.L268P	Missense_Mutation	19	10602775	A	G	Hotspot	12	Not_found		Tier_II
KEAP1	p.G527V	Missense_Mutation	19	10599996	C	A	Not_Hotspot	0	Not_found		Tier_II
KEAP1	p.G527C	Missense_Mutation	19	10599997	C	A	Not_Hotspot	0	Not_found		Tier_II
PIK3CA	p.W11L	Missense_Mutation	3	178916645	G	T	Hotspot	5	Not_found		Tier_II
RET	p.S891*	Nonsense_Mutation	10	43615593	C	A	Not_Hotspot	0	Not_found		Tier_IV
MET	p.X1028_splice	Splice_Site	7	116412044	G	T	Not_Hotspot	0	Not_found		Tier_I
MET	p.S441C	Missense_Mutation	7	116371843	C	G	Hotspot	7	Not_found		Tier_II
NF1	p.E1832*	Frame_Shift_Ins	17	29654741	-	T	Not_Hotspot	0	Not_found		Tier_II
NF1	p.E1947*	Nonsense_Mutation	17	29661882	G	T	Not_Hotspot	0	Not_found		Tier_II
TP53	p.Q331*	Nonsense_Mutation	17	7576855	G	A	Hotspot	49	Not_found		Tier_II
TP53	p.R273H	Missense_Mutation	17	7577120	C	T	Hotspot	609	Not_found		Tier_II
TP53	p.E339*	Nonsense_Mutation	17	7574012	C	A	Not_Hotspot	0	Not_found		Tier_IV
KEAP1	p.G511C	Missense_Mutation	19	10600324	C	A	Hotspot	11	Not_found		Tier_II
STK11	p.E165*	Nonsense_Mutation	19	1220400	G	T	Hotspot	12	Not_found		Tier_II
NF1	p.S637Vfs*51	Frame_Shift_Del	17	29552175	T	-	Not_Hotspot	0	Not_found		Tier_II
TP53	p.E294Sfs*51	Frame_Shift_Del	17	7577058	C	-	Hotspot	32	Not_found		Tier_II
KEAP1	p.A101G	Missense_Mutation	19	10610408	G	C	Hotspot	6	Not_found		Tier_II
TP53	p.G105C	Missense_Mutation	17	7579374	C	A	Hotspot	28	Not_found		Tier_II
KEAP1	p.G332C	Missense_Mutation	19	10602584	C	A	Hotspot	48	Not_found		Tier_II
CDKN2A	p.D125N	Missense_Mutation	9	21970985	C	T	Hotspot	43	Not_found		Tier_II
RB1	p.M705K	Missense_Mutation	13	49037874	T	A	Not_Hotspot	0	Not_found		Tier_II
TP53	p.R273G	Missense_Mutation	17	7577121	G	C	Hotspot	609	Not_found		Tier_II
KEAP1	p.V155F	Missense_Mutation	19	10610247	C	A	Hotspot	14	Not_found		Tier_II
RB1	p.Q504*	Nonsense_Mutation	13	48955394	C	T	Not_Hotspot	0	Not_found		Tier_II
TP53	p.M237I	Missense_Mutation	17	7577570	C	T	Hotspot	64	Not_found		Tier_II
NF1	p.X1291_splice	Splice_Site	17	29562934	A	T	Not_Hotspot	0	Not_found		Tier_II
ARID1A	p.G1849Wfs*34	Frame_Shift_Del	1	27105934	GG	T	Not_Hotspot	0	Not_found		Tier_IV
RET	p.A479S	Missense_Mutation	10	43606826	G	T	Hotspot	57	Not_found		Tier_II
RB1	p.W75*	Nonsense_Mutation	13	48881502	G	A	Not_Hotspot	0	Not_found		Tier_II
RB1	p.K745*	Nonsense_Mutation	13	49039155	A	T	Hotspot	155	Not_found		Tier_II
TP53	p.R158L	Missense_Mutation	17	7578457	C	A	Hotspot	106	Not_found		Tier_II
TP53	p.H214R	Missense_Mutation	17	7578208	T	C	Hotspot	40	Not_found		Tier_II
KEAP1	p.L199F	Missense_Mutation	19	10610113	C	A	Hotspot	4	Not_found		Tier_II
STK11	p.Q170P	Missense_Mutation	19	1220416	A	C	Hotspot	8	Not_found		Tier_II
PIK3CA	p.E542K	Missense_Mutation	3	178936082	G	A	Hotspot	372	Not_found		Tier_II
BRAF	p.D594H	Missense_Mutation	7	140453155	C	G	Hotspot	51	Not_found		Tier_II
NF1	p.X2274_splice	Splice_Site	17	29665721	G	C	Not_Hotspot	0	Not_found		Tier_II
TP53	p.R209*	Nonsense_Mutation	17	7578224	T	A	Hotspot	59	Not_found		Tier_II
RET	p.P566T	Missense_Mutation	10	43608348	C	A	Not_Hotspot	0	Not_found		Tier_IV
TP53	p.E298*	Nonsense_Mutation	17	7577046	C	A	Hotspot	37	Not_found		Tier_II
KEAP1	p.G417R	Missense_Mutation	19	10602329	C	T	Hotspot	7	Not_found		Tier_II
TP53	p.H179Q	Missense_Mutation	17	7578393	A	T	Hotspot	149	Not_found		Tier_II
NF1	p.P1951Hfs*6	Frame_Shift_Del	17	29661894	C	-	Not_Hotspot	0	Not_found		Tier_II
TP53	p.V216M	Missense_Mutation	17	7578203	C	T	Hotspot	42	Not_found		Tier_II
NF1	p.L792H	Missense_Mutation	17	29554590	T	A	Not_Hotspot	0	Not_found		Tier_II
STK11	p.X97_splice	Splice_Site	19	1218415	G	T	Hotspot	10	Not_found		Tier_II
TP53	p.G262V	Missense_Mutation	17	7577153	C	A	Hotspot	17	Not_found		Tier_II
ALK	p.L1424I	Missense_Mutation	2	29416683	G	T	Not_Hotspot	0	Not_found		Tier_IV
ALK	p.R753L	Missense_Mutation	2	29462643	C	A	Not_Hotspot	0	Not_found		Tier_IV
ALK	p.L566F	Missense_Mutation	2	29519873	C	A	Not_Hotspot	0	Not_found		Tier_IV
MET	p.X879_splice	Splice_Site	7	116403323	G	T	Not_Hotspot	0	Not_found		Tier_IV
BRAF	p.G596R	Missense_Mutation	7	140453149	C	G	Hotspot	8	Not_found		Tier_II
TP53	p.W91*	Nonsense_Mutation	17	7579414	C	T	Hotspot	35	Not_found		Tier_II
TP53	p.X187_splice	Splice_Site	17	7578290	C	A	Hotspot	100	Not_found		Tier_II
MET	p.C98F	Missense_Mutation	7	116339431	G	T	Not_Hotspot	0	Not_found		Tier_IV
KEAP1	p.Q46*	Nonsense_Mutation	19	10610574	G	A	Hotspot	7	Not_found		Tier_II
TP53	p.E285K	Missense_Mutation	17	7577085	C	T	Hotspot	99	Not_found		Tier_II
KEAP1	p.R261P	Missense_Mutation	19	10602796	C	G	Hotspot	51	Not_found		Tier_II
TP53	p.E285*	Nonsense_Mutation	17	7577085	C	A	Hotspot	99	Not_found		Tier_II
NF1	p.F1464Sfs*5	Frame_Shift_Del	17	29586106	T	-	Not_Hotspot	0	Not_found		Tier_II
TP53	p.R158Afs*12	Frame_Shift_Del	17	7578458	G	-	Hotspot	106	Not_found		Tier_II
ALK	p.E374*	Nonsense_Mutation	2	29754815	C	A	Hotspot	8	Not_found		Tier_II
TP53	p.X187_splice	Splice_Site	17	7578370	C	A	Hotspot	100	Not_found		Tier_II
PIK3CA	p.T342S	Missense_Mutation	3	178921542	A	T	Hotspot	137	Not_found		Tier_II
TP53	p.F54Sfs*69	Frame_Shift_Del	17	7579526	A	-	Not_Hotspot	0	Not_found		Tier_IV
EGFR	p.K754_I759del	In_Frame_Del	7	55242490	AAAGCCAACAAGGAAATC	-	Hotspot	3	Not_found		Tier_II
EGFR	p.L833V	Missense_Mutation	7	55259439	T	G	Hotspot	5	Not_found		Tier_II
TP53	p.R249G	Missense_Mutation	17	7577536	T	C	Hotspot	114	Not_found		Tier_II
PIK3CA	p.K111N	Missense_Mutation	3	178916946	G	C	Hotspot	38	Not_found		Tier_II
NF1	p.A1268Qfs*17	Frame_Shift_Del	17	29562721	G	-	Not_Hotspot	0	Not_found		Tier_II
NF1	p.G2539Efs*9	Frame_Shift_Del	17	29679430	T	-	Not_Hotspot	0	Not_found		Tier_II
TP53	p.X225_splice	Splice_Site	17	7577609	C	G	Hotspot	46	Not_found		Tier_II
TP53	p.V272M	Missense_Mutation	17	7577124	C	T	Hotspot	66	Not_found		Tier_II
TP53	p.S183*	Nonsense_Mutation	17	7578382	G	C	Hotspot	51	Not_found		Tier_II
EGFR	p.G719A	Missense_Mutation	7	55241708	G	C	Hotspot	33	Not_found		Tier_II
CDKN2A	p.R22Gfs*4	Frame_Shift_Del	9	21974763	G	-	Hotspot	7	Not_found		Tier_II
MET	p.X1027_splice	Splice_Site	7	116412042	AGGTA	C	Not_Hotspot	0	Not_found		Tier_IV
TP53	p.R337C	Missense_Mutation	17	7574018	G	A	Hotspot	40	Not_found		Tier_II
EGFR	p.H773dup	In_Frame_Ins	7	55249017	-	CCA	Not_Hotspot	0	Not_found		Tier_IV
NF1	p.C2062S	Missense_Mutation	17	29663690	G	C	Not_Hotspot	0	Not_found		Tier_II
TP53	p.R282W	Missense_Mutation	17	7577094	G	A	Hotspot	219	Not_found		Tier_II
TP53	p.X331_splice	Splice_Site	17	7576852	C	A	Hotspot	49	Not_found		Tier_II
KEAP1	p.K97N	Missense_Mutation	19	10610419	C	A	Hotspot	10	Not_found		Tier_II
STK11	p.Y60*	Nonsense_Mutation	19	1207090	-	A	Hotspot	24	Not_found		Tier_II
TP53	p.V157F	Missense_Mutation	17	7578461	C	A	Hotspot	77	Not_found		Tier_II
KEAP1	p.G417V	Missense_Mutation	19	10602328	C	A	Hotspot	7	Not_found		Tier_II
CDKN2A	p.G101V	Missense_Mutation	9	21971056	C	A	Hotspot	6	Not_found		Tier_II
NF1	p.C1882Y	Missense_Mutation	17	29657349	G	A	Not_Hotspot	0	Not_found		Tier_II
TP53	p.G244C	Missense_Mutation	17	7577551	C	A	Hotspot	65	Not_found		Tier_II
ALK	p.S565P	Missense_Mutation	2	29519878	A	G	Not_Hotspot	0	Not_found		Tier_IV
TP53	p.S166*	Nonsense_Mutation	17	7578433	G	C	Hotspot	4	Not_found		Tier_II
CDKN2A	p.A100Gfs*20	Frame_Shift_Ins	9	21971058	GG	AGC	Not_Hotspot	0	Not_found		Tier_II
TP53	p.D281Y	Missense_Mutation	17	7577097	C	A	Hotspot	69	Not_found		Tier_II
STK11	p.S216F	Missense_Mutation	19	1220629	C	T	Hotspot	42	Not_found		Tier_II
STK11	p.G242W	Missense_Mutation	19	1220706	G	T	Hotspot	59	Not_found		Tier_II
RET	p.R297L	Missense_Mutation	10	43601846	G	T	Hotspot	22	Not_found		Tier_II
TP53	p.P152Lfs*18	Frame_Shift_Del	17	7578474	CG	A	Hotspot	38	Not_found		Tier_II
KEAP1	p.G509W	Missense_Mutation	19	10600330	C	A	Not_Hotspot	0	Not_found		Tier_II
ARID1A	p.S964Lfs*43	Frame_Shift_Ins	1	27092959	A	CT	Not_Hotspot	0	Not_found		Tier_IV
TP53	p.E339Rfs*6	Frame_Shift_Del	17	7574012	C	-	Not_Hotspot	0	Not_found		Tier_IV
MET	p.E1332G	Missense_Mutation	7	116435946	A	G	Not_Hotspot	0	Not_found		Tier_IV
RB1	p.S443*	Nonsense_Mutation	13	48951166	C	G	Hotspot	2	Not_found		Tier_II
TP53	p.S313Afs*32	Frame_Shift_Del	17	7576910	G	-	Not_Hotspot	0	Not_found		Tier_IV
EGFR	p.E866K	Missense_Mutation	7	55259538	G	A	Not_Hotspot	0	Not_found		Tier_IV
TP53	p.R273L	Missense_Mutation	17	7577120	C	A	Hotspot	609	Not_found		Tier_II
KEAP1	p.K323*	Frame_Shift_Ins	19	10602612	G	AA	Hotspot	5	Not_found		Tier_II
STK11	p.T250Rfs*37	Frame_Shift_Del	19	1221226	C	-	Hotspot	15	Not_found		Tier_II
NF1	p.W2225*	Nonsense_Mutation	17	29664869	G	A	Not_Hotspot	0	Not_found		Tier_II
KEAP1	p.X570_splice	Splice_Site	19	10599866	A	T	Not_Hotspot	0	Not_found		Tier_II
KRAS	p.G13C	Missense_Mutation	12	25398282	C	A	Hotspot	264	Not_found		Tier_II
NF1	p.F2382L	Missense_Mutation	17	29670110	C	G	Not_Hotspot	0	Not_found		Tier_II
TP53	p.K305Efs*39	Frame_Shift_Del	17	7577022	GCTT	-	Hotspot	4	Not_found		Tier_II
MET	p.X1028_splice	Splice_Site	7	116412044	G	C	Not_Hotspot	0	Not_found		Tier_I
TP53	p.Q144L	Missense_Mutation	17	7578499	T	A	Hotspot	23	Not_found		Tier_II
BRAF	p.P367R	Missense_Mutation	7	140494148	G	C	Hotspot	17	Not_found		Tier_II
TP53	p.A138Cfs*27	Frame_Shift_Del	17	7578503	CAGGGCAGGTCTTGGC	-	Hotspot	3	Not_found		Tier_II
EGFR	p.E709_T710delinsD	In_Frame_Del	7	55241679	AAC	-	Hotspot	16	Not_found		Tier_II
EGFR	p.L747_T751del	In_Frame_Del	7	55242468	ATTAAGAGAAGCAAC	-	Hotspot	8	Not_found		Tier_II
MET	p.X1028_splice	Splice_Site	7	116412042	AGGTAT	-	Not_Hotspot	0	Not_found		Tier_I
TP53	p.G334V	Missense_Mutation	17	7574026	C	A	Not_Hotspot	0	Not_found		Tier_IV
KEAP1	p.R116W	Missense_Mutation	19	10610364	G	A	Hotspot	2	Not_found		Tier_II
TP53	p.Q144*	Nonsense_Mutation	17	7578500	G	A	Hotspot	23	Not_found		Tier_II
TP53	p.Y163C	Missense_Mutation	17	7578442	T	C	Hotspot	79	Not_found		Tier_II
EGFR	p.V300M	Missense_Mutation	7	55223531	G	A	Not_Hotspot	0	Not_found		Tier_IV
TP53	p.C135F	Missense_Mutation	17	7578526	C	A	Hotspot	74	Not_found		Tier_II
EGFR	p.L747_E749del	In_Frame_Del	7	55242466	GAATTAAGA	-	Hotspot	8	Not_found		Tier_II
EGFR	p.K754E	Missense_Mutation	7	55242490	A	G	Hotspot	3	Not_found		Tier_II
TP53	p.E346*	Nonsense_Mutation	17	7573991	C	A	Hotspot	8	Not_found		Tier_II
PIK3CA	p.R87T	Missense_Mutation	3	178916873	G	C	Hotspot	9	Not_found		Tier_II
RET	p.A496G	Missense_Mutation	10	43606878	C	G	Not_Hotspot	0	Not_found		Tier_IV
TP53	p.Q317*	Nonsense_Mutation	17	7576897	G	A	Hotspot	32	Not_found		Tier_II
ARID1A	p.K389*	Nonsense_Mutation	1	27056169	A	T	Not_Hotspot	0	Not_found		Tier_IV
TP53	p.C141*	Nonsense_Mutation	17	7578507	G	T	Hotspot	47	Not_found		Tier_II
TP53	p.Q52*	Nonsense_Mutation	17	7579533	G	A	Hotspot	5	Not_found		Tier_II
ALK	p.G875R	Missense_Mutation	2	29455179	C	T	Hotspot	16	Not_found		Tier_II
ALK	p.R401*	Nonsense_Mutation	2	29606679	G	A	Hotspot	11	Not_found		Tier_II
KEAP1	p.A191T	Missense_Mutation	19	10610139	C	T	Hotspot	20	Not_found		Tier_II
ARID1A	p.Y1226C	Missense_Mutation	1	27099440	A	G	Not_Hotspot	0	Not_found		Tier_IV
TP53	p.A355T	Missense_Mutation	17	7573964	C	T	Hotspot	6	Not_found		Tier_II
TP53	p.L35Cfs*9	Frame_Shift_Del	17	7579583	A	-	Hotspot	12	Not_found		Tier_II
BRAF	p.R146W	Missense_Mutation	7	140534477	G	A	Hotspot	86	Not_found		Tier_II
NF1	p.D2482N	Missense_Mutation	17	29677323	G	A	Not_Hotspot	0	Not_found		Tier_II
TP53	p.R158P	Missense_Mutation	17	7578457	C	G	Hotspot	106	Not_found		Tier_II
TP53	p.K120E	Missense_Mutation	17	7579329	T	C	Hotspot	18	Not_found		Tier_II
KRAS	p.K88*	Nonsense_Mutation	12	25380196	T	A	Hotspot	75	Not_found		Tier_II
TP53	p.Q144H	Missense_Mutation	17	7578498	C	A	Hotspot	23	Not_found		Tier_II
STK11	p.K175*	Nonsense_Mutation	19	1220430	A	T	Hotspot	416	Not_found		Tier_II
BRAF	p.G469A	Missense_Mutation	7	140481402	C	G	Hotspot	61	Not_found		Tier_II
ARID1A	p.G2087R	Missense_Mutation	1	27106648	G	A	Hotspot	13	Not_found		Tier_II
NF1	p.N839Y	Missense_Mutation	17	29556148	A	T	Not_Hotspot	0	Not_found		Tier_II
ALK	p.R1436H	Missense_Mutation	2	29416646	C	T	Not_Hotspot	0	Not_found		Tier_IV
ALK	p.T1258Nfs*104	Frame_Shift_Del	2	29432714	GG	T	Not_Hotspot	0	Not_found		Tier_IV
ALK	p.G926E	Missense_Mutation	2	29451788	C	T	Not_Hotspot	0	Not_found		Tier_IV
NF1	p.A2827P	Missense_Mutation	17	29701132	G	C	Not_Hotspot	0	Not_found		Tier_II
TP53	p.H179Y	Missense_Mutation	17	7578395	G	A	Hotspot	149	Not_found		Tier_II
ALK	p.C480Y	Missense_Mutation	2	29543724	C	T	Hotspot	10	Not_found		Tier_II
PIK3CA	p.D84H	Missense_Mutation	3	178916863	G	C	Hotspot	26	Not_found		Tier_II
KEAP1	p.G429V	Missense_Mutation	19	10602292	C	A	Not_Hotspot	0	Not_found		Tier_II
NF1	p.G1160C	Missense_Mutation	17	29559881	G	T	Hotspot	13	Not_found		Tier_II
SMAD4	p.K428N	Missense_Mutation	18	48593533	G	C	Hotspot	2	Not_found		Tier_II
ARID1A	p.Q1579*	Nonsense_Mutation	1	27101453	C	T	Not_Hotspot	0	Not_found		Tier_IV
ALK	p.T1117N	Missense_Mutation	2	29446217	G	T	Not_Hotspot	0	Not_found		Tier_IV
CDKN2A	p.E119*	Nonsense_Mutation	9	21971003	C	A	Not_Hotspot	0	Not_found		Tier_II
SMAD4	p.M1?	Translation_Start_Site	18	48573418	T	A	Hotspot	41	Not_found		Tier_II
STK11	p.D53Tfs*11	Frame_Shift_Del	19	1207065	G	-	Hotspot	17	Not_found		Tier_II
KEAP1	p.Y162C	Missense_Mutation	19	10610225	T	C	Hotspot	4	Not_found		Tier_II
ARID1A	p.G838*	Nonsense_Mutation	1	27089556	G	T	Hotspot	3	Not_found		Tier_II
SMAD4	p.G86C	Missense_Mutation	18	48575062	G	T	Hotspot	9	Not_found		Tier_II
NF1	p.X1938_splice	Splice_Site	17	29657516	AGTA	-	Not_Hotspot	0	Not_found		Tier_II
TP53	p.X307_splice	Splice_Site	17	7577018	C	A	Hotspot	77	Not_found		Tier_II
NF1	p.Q1815*	Nonsense_Mutation	17	29654691	C	T	Not_Hotspot	0	Not_found		Tier_II
ALK	p.S426C	Missense_Mutation	2	29606604	T	A	Not_Hotspot	0	Not_found		Tier_IV
RB1	p.L152*	Nonsense_Mutation	13	48919290	T	A	Hotspot	38	Not_found		Tier_II
TP53	p.C275F	Missense_Mutation	17	7577114	C	A	Hotspot	70	Not_found		Tier_II
STK11	p.E223*	Nonsense_Mutation	19	1220649	G	T	Hotspot	15	Not_found		Tier_II
TP53	p.G245S	Missense_Mutation	17	7577548	C	T	Hotspot	242	Not_found		Tier_II
TP53	p.E343*	Nonsense_Mutation	17	7574000	C	A	Hotspot	15	Not_found		Tier_II
SMAD4	p.L78F	Missense_Mutation	18	48573650	G	T	Hotspot	9	Not_found		Tier_II
KEAP1	p.Q193*	Nonsense_Mutation	19	10610133	G	A	Hotspot	123	Not_found		Tier_II
TP53	p.G154V	Missense_Mutation	17	7578469	C	A	Hotspot	25	Not_found		Tier_II
KEAP1	p.Q616H	Missense_Mutation	19	10597355	C	A	Hotspot	6	Not_found		Tier_II
BRAF	p.E80D	Missense_Mutation	7	140549911	C	A	Hotspot	99	Not_found		Tier_II
BRAF	p.E80G	Missense_Mutation	7	140549912	T	C	Hotspot	99	Not_found		Tier_II
STK11	p.V77Sfs*19	Frame_Shift_Del	19	1207139	C	-	Hotspot	7	Not_found		Tier_II
STK11	p.D194Y	Missense_Mutation	19	1220487	G	T	Hotspot	49	Not_found		Tier_II
KEAP1	p.D235H	Missense_Mutation	19	10602875	C	G	Hotspot	10	Not_found		Tier_II
NF1	p.L1068F	Missense_Mutation	17	29559097	G	T	Not_Hotspot	0	Not_found		Tier_II
NF1	p.D1069Y	Missense_Mutation	17	29559098	G	T	Not_Hotspot	0	Not_found		Tier_II
TP53	p.H296Tfs*49	Frame_Shift_Del	17	7577052	G	-	Not_Hotspot	0	Not_found		Tier_IV
SMAD4	p.K519*	Nonsense_Mutation	18	48604733	A	T	Not_Hotspot	0	Not_found		Tier_IV
MET	p.R412H	Missense_Mutation	7	116371756	G	A	Hotspot	6	Not_found		Tier_II
TP53	p.R337P	Missense_Mutation	17	7574017	C	G	Hotspot	40	Not_found		Tier_II
TP53	p.G266V	Missense_Mutation	17	7577141	C	A	Hotspot	117	Not_found		Tier_II
TP53	p.R280G	Missense_Mutation	17	7577100	T	C	Hotspot	109	Not_found		Tier_II
KEAP1	p.G417W	Missense_Mutation	19	10602329	C	A	Hotspot	7	Not_found		Tier_II
NF1	p.X1612_splice	Splice_Site	17	29652837	G	T	Not_Hotspot	0	Not_found		Tier_II
CDKN2A	p.V115_A118del	In_Frame_Del	9	21971003	CAGCCAGGTCCA	-	Hotspot	11	Not_found		Tier_II
RB1	p.X314_splice	Splice_Site	13	48941629	G	T	Hotspot	9	Not_found		Tier_II
ARID1A	p.S1248L	Missense_Mutation	1	27099864	C	T	Not_Hotspot	0	Not_found		Tier_IV
TP53	p.H193R	Missense_Mutation	17	7578271	T	C	Hotspot	123	Not_found		Tier_II
KEAP1	p.E441*	Nonsense_Mutation	19	10602257	C	A	Hotspot	7	Not_found		Tier_II
STK11	p.E57Kfs*7	Frame_Shift_Del	19	1207077	G	-	Hotspot	29	Not_found		Tier_II
CDKN2A	p.T77I	Missense_Mutation	9	21971128	G	A	Hotspot	7	Not_found		Tier_II
TP53	p.R273S	Missense_Mutation	17	7577121	G	T	Hotspot	609	Not_found		Tier_II
TP53	p.X126_splice	Splice_Site	17	7578555	C	A	Hotspot	75	Not_found		Tier_II
KEAP1	p.X570_splice	Splice_Site	19	10599867	C	A	Not_Hotspot	0	Not_found		Tier_II
NF1	p.D1644Y	Missense_Mutation	17	29652932	G	T	Not_Hotspot	0	Not_found		Tier_II
RB1	p.D507Y	Missense_Mutation	13	48955403	G	T	Hotspot	3	Not_found		Tier_II
TP53	p.V274G	Missense_Mutation	17	7577117	A	C	Hotspot	46	Not_found		Tier_II
KEAP1	p.G430V	Missense_Mutation	19	10602289	C	A	Hotspot	12	Not_found		Tier_II
ARID1A	p.M724Ifs*11	Frame_Shift_Del	1	27087885	GCCACCTCGGCCACCCAGTGGC	-	Not_Hotspot	0	Not_found		Tier_IV
TP53	p.Q331H	Missense_Mutation	17	7576853	C	A	Hotspot	49	Not_found		Tier_II
TP53	p.P177T	Missense_Mutation	17	7578401	G	T	Hotspot	6	Not_found		Tier_II
TP53	p.X125_splice	Splice_Site	17	7579311	C	A	Hotspot	43	Not_found		Tier_II
KEAP1	p.G509V	Missense_Mutation	19	10600329	C	A	Not_Hotspot	0	Not_found		Tier_II
TP53	p.E198*	Nonsense_Mutation	17	7578257	C	A	Hotspot	26	Not_found		Tier_II
NF1	p.X574_splice	Splice_Site	17	29550461	G	C	Not_Hotspot	0	Not_found		Tier_II
STK11	p.K78N	Missense_Mutation	19	1207146	G	C	Hotspot	9	Not_found		Tier_II
TP53	p.V157L	Missense_Mutation	17	7578461	C	G	Hotspot	77	Not_found		Tier_II
RET	p.V757M	Missense_Mutation	10	43612164	G	A	Not_Hotspot	0	Not_found		Tier_IV
KEAP1	p.R459Pfs*39	Frame_Shift_Del	19	10600473	ATCCTTC	-	Not_Hotspot	0	Not_found		Tier_II
STK11	p.R86*	Nonsense_Mutation	19	1207168	C	T	Hotspot	9	Not_found		Tier_II
TP53	p.Y236C	Missense_Mutation	17	7577574	T	C	Hotspot	59	Not_found		Tier_II
TP53	p.Y220Mfs*27	Frame_Shift_Del	17	7578192	G	-	Hotspot	152	Not_found		Tier_II
TP53	p.C229Yfs*10	Frame_Shift_Del	17	7577594	AC	-	Hotspot	7	Not_found		Tier_II
NF1	p.X396_splice	Splice_Site	17	29528427	A	G	Hotspot	2	Not_found		Tier_II
TP53	p.E180K	Missense_Mutation	17	7578392	C	T	Hotspot	22	Not_found		Tier_II
ARID1A	p.Q1894*	Nonsense_Mutation	1	27106069	C	T	Not_Hotspot	0	Not_found		Tier_IV
KRAS	p.Q61L	Missense_Mutation	12	25380276	T	A	Hotspot	422	Not_found		Tier_II
TP53	p.N239S	Missense_Mutation	17	7577565	T	C	Hotspot	41	Not_found		Tier_II
KEAP1	p.V99L	Missense_Mutation	19	10610415	C	A	Hotspot	7	Not_found		Tier_II
ALK	p.H1475Q	Missense_Mutation	2	29416528	G	T	Not_Hotspot	0	Not_found		Tier_IV
MET	p.Y1253H	Missense_Mutation	7	116423428	T	C	Not_Hotspot	0	Not_found		Tier_IV
ERBB2	p.V94I	Missense_Mutation	17	37864628	G	A	Not_Hotspot	0	Not_found		Tier_IV
TP53	p.S127C	Missense_Mutation	17	7578550	G	C	Hotspot	48	Not_found		Tier_II
KEAP1	p.G417E	Missense_Mutation	19	10602328	C	T	Hotspot	7	Not_found		Tier_II
ARID1A	p.W1073Cfs*20	Frame_Shift_Del	1	27097629	G	-	Not_Hotspot	0	Not_found		Tier_IV
CDKN2A	p.M52R	Missense_Mutation	9	21971203	A	C	Hotspot	5	Not_found		Tier_II
TP53	p.F270V	Missense_Mutation	17	7577130	A	C	Hotspot	30	Not_found		Tier_II
NF1	p.T2335P	Missense_Mutation	17	29667604	A	C	Not_Hotspot	0	Not_found		Tier_II
NF1	p.G2024*	Nonsense_Mutation	17	29663414	G	T	Not_Hotspot	0	Not_found		Tier_II
NF1	p.X2705_splice	Splice_Site	17	29685986	G	T	Not_Hotspot	0	Not_found		Tier_II
NF1	p.S2705I	Missense_Mutation	17	29685987	G	T	Not_Hotspot	0	Not_found		Tier_II
TP53	p.Q167*	Nonsense_Mutation	17	7578431	G	A	Hotspot	19	Not_found		Tier_II
SMAD4	p.R100W	Missense_Mutation	18	48575104	A	T	Not_Hotspot	0	Not_found		Tier_IV
EGFR	p.Q486*	Nonsense_Mutation	7	55227989	C	T	Hotspot	7	Not_found		Tier_II
KRAS	p.Q61H	Missense_Mutation	12	25380275	T	A	Hotspot	422	Not_found		Tier_II
TP53	p.G334W	Missense_Mutation	17	7574027	C	A	Not_Hotspot	0	Not_found		Tier_IV
NF1	p.L2413Ffs*5	Frame_Shift_Del	17	29676187	ACA	CT	Not_Hotspot	0	Not_found		Tier_II
TP53	p.K351*	Nonsense_Mutation	17	7573976	T	A	Hotspot	20	Not_found		Tier_II
NF1	p.R914L	Missense_Mutation	17	29556374	G	T	Not_Hotspot	0	Not_found		Tier_II
TP53	p.Q136_C141del	In_Frame_Del	17	7578506	GGCAGGTCTTGGCCAGTT	-	Hotspot	14	Not_found		Tier_II
TP53	p.A161V	Missense_Mutation	17	7578448	G	A	Hotspot	7	Not_found		Tier_II
KEAP1	p.E41*	Nonsense_Mutation	19	10610589	C	A	Hotspot	66	Not_found		Tier_II
RET	p.L1048Pfs*11	Frame_Shift_Ins	10	43622119	-	C	Not_Hotspot	0	Not_found		Tier_IV
TP53	p.N131Kfs*39	Frame_Shift_Del	17	7578537	G	-	Hotspot	23	Not_found		Tier_II
NF1	p.X1105_splice	Splice_Site	17	29559717	G	T	Not_Hotspot	0	Not_found		Tier_II
TP53	p.R248P	Missense_Mutation	17	7577538	C	G	Hotspot	560	Not_found		Tier_II
KEAP1	p.G603W	Missense_Mutation	19	10597396	C	A	Not_Hotspot	0	Not_found		Tier_II
RET	p.D460V	Missense_Mutation	10	43606770	A	T	Not_Hotspot	0	Not_found		Tier_IV
KRAS	p.A146P	Missense_Mutation	12	25378562	C	G	Hotspot	86	Not_found		Tier_II
TP53	p.X225_splice	Splice_Site	17	7577610	T	C	Hotspot	46	Not_found		Tier_II
KEAP1	p.V123L	Missense_Mutation	19	10610343	C	A	Hotspot	3	Not_found		Tier_II
STK11	p.G251R	Missense_Mutation	19	1221228	G	C	Hotspot	16	Not_found		Tier_II
NF1	p.N2421Tfs*11	Frame_Shift_Del	17	29676209	A	-	Not_Hotspot	0	Not_found		Tier_II
TP53	p.C176F	Missense_Mutation	17	7578403	C	A	Hotspot	115	Not_found		Tier_II
KEAP1	p.R415C	Missense_Mutation	19	10602335	G	A	Hotspot	3	Not_found		Tier_II
KEAP1	p.K287*	Nonsense_Mutation	19	10602719	T	A	Hotspot	12	Not_found		Tier_II
STK11	p.Q37Pfs*123	Frame_Shift_Del	19	1207021	CAGCCGCG	-	Hotspot	103	Not_found		Tier_II
KEAP1	p.E218V	Missense_Mutation	19	10602925	T	A	Hotspot	9	Not_found		Tier_II
PIK3CA	p.M123I	Missense_Mutation	3	178917494	G	T	Hotspot	3	Not_found		Tier_II
PIK3CA	p.P124A	Missense_Mutation	3	178917495	C	G	Hotspot	25	Not_found		Tier_II
STK11	p.E65*	Nonsense_Mutation	19	1207105	G	T	Hotspot	17	Not_found		Tier_II
BRAF	p.A305S	Missense_Mutation	7	140500229	C	A	Hotspot	4	Not_found		Tier_II
CDKN2A	p.G101W	Missense_Mutation	9	21971057	C	A	Hotspot	6	Not_found		Tier_II
MET	p.X1028_splice	Splice_Site	7	116412045	T	C	Not_Hotspot	0	Not_found		Tier_I
TP53	p.L130F	Missense_Mutation	17	7578542	G	A	Hotspot	168	Not_found		Tier_II
TP53	p.P278H	Missense_Mutation	17	7577105	G	T	Hotspot	100	Not_found		Tier_II
TP53	p.R267L	Missense_Mutation	17	7577138	C	A	Hotspot	36	Not_found		Tier_II
STK11	p.W239C	Missense_Mutation	19	1220699	G	T	Hotspot	41	Not_found		Tier_II
MET	p.Y1021*	Nonsense_Mutation	7	116412024	C	G	Hotspot	14	Not_found		Tier_II
KEAP1	p.V214L	Missense_Mutation	19	10602938	C	A	Hotspot	40	Not_found		Tier_II
TP53	p.Q192*	Nonsense_Mutation	17	7578275	G	A	Hotspot	45	Not_found		Tier_II
ARID1A	p.Q479*	Nonsense_Mutation	1	27057727	C	T	Hotspot	57	Not_found		Tier_II
NF1	p.T2034I	Missense_Mutation	17	29663445	C	T	Not_Hotspot	0	Not_found		Tier_II
TP53	p.A69Gfs*80	Frame_Shift_Ins	17	7579481	-	C	Hotspot	11	Not_found		Tier_II
KEAP1	p.R204P	Missense_Mutation	19	10610099	C	G	Hotspot	6	Not_found		Tier_II
EGFR	p.L747_A750delinsP	In_Frame_Del	7	55242469	TTAAGAGAAG	C	Hotspot	8	Not_found		Tier_II
KEAP1	p.R320W	Missense_Mutation	19	10602620	G	A	Hotspot	14	Not_found		Tier_II
TP53	p.R282_R283del	In_Frame_Del	17	7577089	GCGCCG	-	Hotspot	219	Not_found		Tier_II
RET	p.R77C	Missense_Mutation	10	43596062	C	T	Hotspot	7	Not_found		Tier_II
NF1	p.X1870_splice	Splice_Site	17	29654858	G	T	Hotspot	8	Not_found		Tier_II
TP53	p.P250L	Missense_Mutation	17	7577532	G	A	Hotspot	15	Not_found		Tier_II
KEAP1	p.P492Qfs*8	Frame_Shift_Del	19	10600380	G	-	Not_Hotspot	0	Not_found		Tier_II
PIK3CA	p.N345K	Missense_Mutation	3	178921553	T	A	Hotspot	98	Not_found		Tier_II
TP53	p.Y236*	Nonsense_Mutation	17	7577573	G	T	Hotspot	59	Not_found		Tier_II
EGFR	p.L387M	Missense_Mutation	7	55224477	C	A	Hotspot	11	Not_found		Tier_II
EGFR	p.D1083Efs*11	Frame_Shift_Del	7	55270296	C	-	Not_Hotspot	0	Not_found		Tier_IV
STK11	p.E265Gfs*19	Frame_Shift_Del	19	1221270	GAGAACATCG	-	Hotspot	37	Not_found		Tier_II
CDKN2A	p.W15Cfs*12	Frame_Shift_Ins	9	21974782	-	GA	Hotspot	16	Not_found		Tier_II
TP53	p.R248L	Missense_Mutation	17	7577538	C	A	Hotspot	560	Not_found		Tier_II
KEAP1	p.W497L	Missense_Mutation	19	10600365	C	A	Not_Hotspot	0	Not_found		Tier_II
STK11	p.D30Gfs*133	Frame_Shift_Ins	19	1206999	-	G	Hotspot	12	Not_found		Tier_II
KEAP1	p.E117K	Missense_Mutation	19	10610361	C	T	Hotspot	18	Not_found		Tier_II
PIK3CA	p.Q296E	Missense_Mutation	3	178921404	C	G	Not_Hotspot	0	Not_found		Tier_II
BRAF	p.G466A	Missense_Mutation	7	140481411	C	G	Hotspot	34	Not_found		Tier_II
TP53	p.E271K	Missense_Mutation	17	7577127	C	T	Hotspot	53	Not_found		Tier_II
KEAP1	p.W252C	Missense_Mutation	19	10602822	C	A	Hotspot	22	Not_found		Tier_II
ALK	p.L216V	Missense_Mutation	2	30142880	G	C	Hotspot	42	Not_found		Tier_II
EGFR	p.Q432H	Missense_Mutation	7	55225444	A	T	Hotspot	7	Not_found		Tier_II
EGFR	p.K754I	Missense_Mutation	7	55242491	A	T	Hotspot	3	Not_found		Tier_II
EGFR	p.G901V	Missense_Mutation	7	55266410	G	T	Hotspot	13	Not_found		Tier_II
KEAP1	p.G477Afs*23	Frame_Shift_Del	19	10600425	C	-	Not_Hotspot	0	Not_found		Tier_II
STK11	p.L282Afs*3	Frame_Shift_Ins	19	1221313	-	C	Hotspot	219	Not_found		Tier_II
ARID1A	p.E1765*	Nonsense_Mutation	1	27105682	G	T	Not_Hotspot	0	Not_found		Tier_IV
KEAP1	p.I461V	Missense_Mutation	19	10600474	T	C	Hotspot	9	Not_found		Tier_II
EGFR	p.L907M	Missense_Mutation	7	55266427	T	A	Hotspot	6	Not_found		Tier_II
STK11	p.N259Kfs*28	Frame_Shift_Del	19	1221254	C	-	Hotspot	12	Not_found		Tier_II
STK11	p.X155_splice	Splice_Site	19	1220370	A	T	Hotspot	14	Not_found		Tier_II
KEAP1	p.A159S	Missense_Mutation	19	10610235	C	A	Hotspot	52	Not_found		Tier_II
KEAP1	p.F280Y	Missense_Mutation	19	10602739	A	T	Hotspot	109	Not_found		Tier_II
STK11	p.G56V	Missense_Mutation	19	1207079	G	T	Hotspot	5	Not_found		Tier_II
STK11	p.K78E	Missense_Mutation	19	1207144	A	G	Hotspot	9	Not_found		Tier_II
KEAP1	p.G480W	Missense_Mutation	19	10600417	C	A	Hotspot	10	Not_found		Tier_II
ARID1A	p.P943T	Missense_Mutation	1	27092806	C	A	Not_Hotspot	0	Not_found		Tier_IV
STK11	p.P281Rfs*6	Frame_Shift_Del	19	1221314	C	-	Hotspot	69	Not_found		Tier_II
ALK	p.A1251D	Missense_Mutation	2	29432736	G	T	Not_Hotspot	0	Not_found		Tier_IV
NF1	p.R135Ifs*29	Frame_Shift_Del	17	29490318	CGGA	-	Hotspot	74	Not_found		Tier_II
STK11	p.X245_splice	Splice_Site	19	1221211	G	T	Hotspot	242	Not_found		Tier_II
TP53	p.F270C	Missense_Mutation	17	7577129	A	C	Hotspot	30	Not_found		Tier_II
BRAF	p.S394*	Nonsense_Mutation	7	140482954	G	C	Not_Hotspot	0	Not_found		Tier_IV
TP53	p.R273C	Missense_Mutation	17	7577121	G	A	Hotspot	609	Not_found		Tier_II
NF1	p.D2308Afs*17	Frame_Shift_Del	17	29667523	GACTC	-	Not_Hotspot	0	Not_found		Tier_II
TP53	p.P152Rfs*18	Frame_Shift_Del	17	7578475	G	-	Hotspot	38	Not_found		Tier_II
KEAP1	p.G333C	Missense_Mutation	19	10602581	C	A	Hotspot	7	Not_found		Tier_II
BRAF	p.G469*	Nonsense_Mutation	7	140481403	C	A	Hotspot	61	Not_found		Tier_II
TP53	p.D148Ifs*22	Frame_Shift_Del	17	7578489	A	-	Not_Hotspot	0	Not_found		Tier_IV
BRAF	p.V600_R603del	In_Frame_Del	7	140453126	TCGAGATTTCAC	-	Hotspot	897	Not_found		Tier_II
RET	p.T75K	Missense_Mutation	10	43596057	C	A	Not_Hotspot	0	Not_found		Tier_IV
TP53	p.Q165*	Nonsense_Mutation	17	7578437	G	A	Hotspot	12	Not_found		Tier_II
STK11	p.K62*	Nonsense_Mutation	19	1207096	A	T	Hotspot	10	Not_found		Tier_II
ERBB2	p.G776delinsVC	In_Frame_Ins	17	37880997	-	TCT	Hotspot	6	Not_found		Tier_I
TP53	p.E258D	Missense_Mutation	17	7577507	T	A	Hotspot	47	Not_found		Tier_II
TP53	p.E294*	Nonsense_Mutation	17	7577058	C	A	Hotspot	32	Not_found		Tier_II
SMAD4	p.P215S	Missense_Mutation	18	48581339	C	T	Hotspot	25	Not_found		Tier_II
STK11	p.L245F	Missense_Mutation	19	1220715	C	T	Hotspot	242	Not_found		Tier_II
PIK3CA	p.E726K	Missense_Mutation	3	178938934	G	A	Hotspot	55	Not_found		Tier_II
STK11	p.Q220Pfs*46	Frame_Shift_Ins	19	1220635	-	T	Hotspot	152	Not_found		Tier_II
TP53	p.Y163H	Missense_Mutation	17	7578443	A	G	Hotspot	79	Not_found		Tier_II
RB1	p.E287K	Missense_Mutation	13	48937091	G	A	Hotspot	12	Not_found		Tier_II
TP53	p.E171K	Missense_Mutation	17	7578419	C	T	Hotspot	16	Not_found		Tier_II
NF1	p.G984W	Missense_Mutation	17	29556952	G	T	Not_Hotspot	0	Not_found		Tier_II
RB1	p.F131Lfs*4	Frame_Shift_Del	13	48919226	TTCT	-	Hotspot	23	Not_found		Tier_II
TP53	p.Y220C	Missense_Mutation	17	7578190	T	C	Hotspot	152	Not_found		Tier_II
TP53	p.X126_splice	Splice_Site	17	7578556	T	C	Hotspot	75	Not_found		Tier_II
ARID1A	p.S711*	Nonsense_Mutation	1	27087558	C	G	Not_Hotspot	0	Not_found		Tier_IV
NF1	p.K598*	Nonsense_Mutation	17	29550532	A	T	Hotspot	33	Not_found		Tier_II
SMAD4	p.A406V	Missense_Mutation	18	48593466	C	T	Hotspot	9	Not_found		Tier_II
TP53	p.H193P	Missense_Mutation	17	7578271	T	G	Hotspot	123	Not_found		Tier_II
STK11	p.Y118H	Missense_Mutation	19	1218477	T	C	Hotspot	40	Not_found		Tier_II
RB1	p.T497Hfs*22	Frame_Shift_Del	13	48954366	C	-	Not_Hotspot	0	Not_found		Tier_II
TP53	p.N247I	Missense_Mutation	17	7577541	T	A	Hotspot	10	Not_found		Tier_II
KEAP1	p.G558E	Missense_Mutation	19	10599903	C	T	Hotspot	49	Not_found		Tier_II
MET	p.L317I	Missense_Mutation	7	116340087	C	A	Hotspot	32	Not_found		Tier_II
STK11	p.E33*	Nonsense_Mutation	19	1207009	G	T	Hotspot	96	Not_found		Tier_II
TP53	p.G154Afs*16	Frame_Shift_Del	17	7578469	C	-	Hotspot	25	Not_found		Tier_II
U2AF1	p.G216R	Missense_Mutation	21	44513289	C	G	Hotspot	42	Not_found		Tier_II
CDKN2A	p.L16Q	Missense_Mutation	9	21974780	A	T	Hotspot	5	Not_found		Tier_II
NF1	p.D2474N	Missense_Mutation	17	29677299	G	A	Not_Hotspot	0	Not_found		Tier_II
TP53	p.F341Efs*7	Frame_Shift_Ins	17	7574006	-	CTTC	Not_Hotspot	0	Not_found		Tier_IV
KEAP1	p.V123Rfs*31	Frame_Shift_Del	19	10610334	CAATGGACAC	-	Hotspot	3	Not_found		Tier_II
SMAD4	p.P295S	Missense_Mutation	18	48584805	C	T	Not_Hotspot	0	Not_found		Tier_IV
KEAP1	p.G476V	Missense_Mutation	19	10600428	C	A	Not_Hotspot	0	Not_found		Tier_II
RET	p.V648I	Missense_Mutation	10	43609990	G	A	Not_Hotspot	0	Not_found		Tier_IV
TP53	p.P191del	In_Frame_Del	17	7578275	GAG	-	Hotspot	20	Not_found		Tier_II
TP53	p.S90Pfs*33	Frame_Shift_Del	17	7579420	G	-	Hotspot	4	Not_found		Tier_II
TP53	p.E286K	Missense_Mutation	17	7577082	C	T	Hotspot	27	Not_found		Tier_II
RB1	p.X204_splice	Splice_Site	13	48934152	G	-	Hotspot	6	Not_found		Tier_II
NF1	p.G312A	Missense_Mutation	17	29527486	G	C	Not_Hotspot	0	Not_found		Tier_II
ARID1A	p.A861P	Missense_Mutation	1	27089625	G	C	Hotspot	21	Not_found		Tier_II
ALK	p.L1318M	Missense_Mutation	2	29420529	G	T	Not_Hotspot	0	Not_found		Tier_IV
RB1	p.E97Nfs*14	Frame_Shift_Del	13	48916758	G	-	Hotspot	10	Not_found		Tier_II
RET	p.E901K	Missense_Mutation	10	43615622	G	A	Hotspot	13	Not_found		Tier_II
TP53	p.R156P	Missense_Mutation	17	7578463	C	G	Hotspot	6	Not_found		Tier_II
KEAP1	p.D236N	Missense_Mutation	19	10602872	C	T	Hotspot	59	Not_found		Tier_II
ARID1A	p.K1654*	Nonsense_Mutation	1	27101678	A	T	Not_Hotspot	0	Not_found		Tier_IV
KEAP1	p.A159P	Missense_Mutation	19	10610235	C	G	Hotspot	52	Not_found		Tier_II
STK11	p.A43Pfs*8	Frame_Shift_Del	19	1207037	G	-	Not_Hotspot	0	Not_found		Tier_II
TP53	p.C238_M243del	In_Frame_Del	17	7577552	CATGCAGGAACTGTTACA	-	Hotspot	77	Not_found		Tier_II
MET	p.X1028_splice	Splice_Site	7	116412044	G	A	Not_Hotspot	0	Not_found		Tier_I
RB1	p.E413*	Nonsense_Mutation	13	48951075	G	T	Not_Hotspot	0	Not_found		Tier_II
TP53	p.E286Q	Missense_Mutation	17	7577082	C	G	Hotspot	27	Not_found		Tier_II
TP53	p.C141W	Missense_Mutation	17	7578507	G	C	Hotspot	47	Not_found		Tier_II
RB1	p.S350I	Missense_Mutation	13	48941739	G	T	Hotspot	12	Not_found		Tier_II
TP53	p.E258*	Nonsense_Mutation	17	7577509	C	A	Hotspot	47	Not_found		Tier_II
RET	p.M484T	Missense_Mutation	10	43606842	T	C	Hotspot	8	Not_found		Tier_II
KRAS	p.D33E	Missense_Mutation	12	25398220	A	T	Hotspot	96	Not_found		Tier_II
BRAF	p.X565_splice	Splice_Site	7	140476711	C	T	Not_Hotspot	0	Not_found		Tier_IV
EGFR	p.S921R	Missense_Mutation	7	55266471	C	A	Hotspot	7	Not_found		Tier_II
NF1	p.S1282I	Missense_Mutation	17	29562765	G	T	Not_Hotspot	0	Not_found		Tier_II
NF1	p.N1673S	Missense_Mutation	17	29653020	A	G	Not_Hotspot	0	Not_found		Tier_II
KEAP1	p.L100P	Missense_Mutation	19	10610411	A	G	Not_Hotspot	0	Not_found		Tier_II
RB1	p.C706*	Nonsense_Mutation	13	49037878	T	A	Not_Hotspot	0	Not_found		Tier_II
TP53	p.X33_splice	Splice_Site	17	7579591	C	A	Hotspot	96	Not_found		Tier_II
PIK3CA	p.E110del	In_Frame_Del	3	178916938	GAA	-	Hotspot	45	Not_found		Tier_II
TP53	p.Y205H	Missense_Mutation	17	7578236	A	G	Hotspot	61	Not_found		Tier_II
SMAD4	p.R497H	Missense_Mutation	18	48604668	G	A	Not_Hotspot	0	Not_found		Tier_IV
NF1	p.F2197Cfs*44	Frame_Shift_Del	17	29664546	TT	-	Not_Hotspot	0	Not_found		Tier_II
TP53	p.Y163D	Missense_Mutation	17	7578443	A	C	Hotspot	79	Not_found		Tier_II
RB1	p.Y239Ifs*2	Frame_Shift_Ins	13	48934258	-	A	Hotspot	41	Not_found		Tier_II
KEAP1	p.S102L	Missense_Mutation	19	10610405	G	A	Hotspot	24	Not_found		Tier_II
PIK3CA	p.E453Q	Missense_Mutation	3	178928079	G	C	Hotspot	42	Not_found		Tier_II
EGFR	p.I91V	Missense_Mutation	7	55211028	A	G	Hotspot	35	Not_found		Tier_II
EGFR	p.R1052I	Missense_Mutation	7	55269468	G	T	Hotspot	5	Not_found		Tier_II
TP53	p.K132N	Missense_Mutation	17	7578534	C	A	Hotspot	766	Not_found		Tier_II
STK11	p.D194H	Missense_Mutation	19	1220487	G	C	Hotspot	49	Not_found		Tier_II
NF1	p.D2184N	Missense_Mutation	17	29664508	G	A	Not_Hotspot	0	Not_found		Tier_II
RB1	p.X287_splice	Splice_Site	13	48937094	G	A	Hotspot	12	Not_found		Tier_II
NF1	p.Y2285*	Nonsense_Mutation	17	29665755	-	A	Not_Hotspot	0	Not_found		Tier_II
TP53	p.R249W	Missense_Mutation	17	7577536	T	A	Hotspot	114	Not_found		Tier_II
TP53	p.X125_splice	Splice_Site	17	7579310	A	T	Hotspot	43	Not_found		Tier_II
ARID1A	p.G1083C	Missense_Mutation	1	27097658	G	T	Not_Hotspot	0	Not_found		Tier_IV
ALK	p.E1299*	Nonsense_Mutation	2	29430080	C	A	Not_Hotspot	0	Not_found		Tier_IV
SMAD4	p.G386V	Missense_Mutation	18	48593406	G	T	Hotspot	22	Not_found		Tier_II
RB1	p.Q631H	Missense_Mutation	13	49030418	A	T	Not_Hotspot	0	Not_found		Tier_II
EGFR	p.G627*	Nonsense_Mutation	7	55233129	G	T	Not_Hotspot	0	Not_found		Tier_IV
TP53	p.H193N	Missense_Mutation	17	7578272	G	T	Hotspot	123	Not_found		Tier_II
KEAP1	p.G523E	Missense_Mutation	19	10600008	C	T	Not_Hotspot	0	Not_found		Tier_II
MET	p.D208Y	Missense_Mutation	7	116339760	G	T	Hotspot	12	Not_found		Tier_II
PIK3CA	p.P104L	Missense_Mutation	3	178916924	C	T	Hotspot	61	Not_found		Tier_II
KEAP1	p.Q201*	Nonsense_Mutation	19	10610109	G	A	Hotspot	139	Not_found		Tier_II
STK11	p.X200_splice	Splice_Site	19	1220578	A	G	Hotspot	5	Not_found		Tier_II
TP53	p.X331_splice	Splice_Site	17	7576852	C	T	Hotspot	49	Not_found		Tier_II
PIK3CA	p.N107S	Missense_Mutation	3	178916933	A	G	Hotspot	6	Not_found		Tier_II
TP53	p.C242F	Missense_Mutation	17	7577556	C	A	Hotspot	59	Not_found		Tier_II
TP53	p.T155_R156delinsN	In_Frame_Del	17	7578463	CGGG	T	Hotspot	14	Not_found		Tier_II
KEAP1	p.E219Q	Missense_Mutation	19	10602923	C	G	Hotspot	5	Not_found		Tier_II
STK11	p.Y60*	Frame_Shift_Del	19	1207092	C	-	Hotspot	24	Not_found		Tier_II
SMAD4	p.A199Sfs*7	Frame_Shift_Ins	18	48581285	-	C	Hotspot	4	Not_found		Tier_II
BRAF	p.G596S	Missense_Mutation	7	140453149	C	T	Hotspot	8	Not_found		Tier_II
TP53	p.X187_splice	Splice_Site	17	7578290	C	T	Hotspot	100	Not_found		Tier_II
RET	p.N763K	Missense_Mutation	10	43613825	C	A	Not_Hotspot	0	Not_found		Tier_IV
RB1	p.D511N	Missense_Mutation	13	48955415	G	A	Hotspot	11	Not_found		Tier_II
TP53	p.V173L	Missense_Mutation	17	7578413	C	A	Hotspot	78	Not_found		Tier_II
ARID1A	p.X641_splice	Splice_Site	1	27087346	G	A	Hotspot	4	Not_found		Tier_II
ARID1A	p.M741I	Missense_Mutation	1	27087936	G	A	Hotspot	10	Not_found		Tier_II
ARID1A	p.G1500V	Missense_Mutation	1	27101217	G	T	Not_Hotspot	0	Not_found		Tier_IV
STK11	p.M136K	Missense_Mutation	19	1219355	T	A	Hotspot	14	Not_found		Tier_II
STK11	p.M136I	Missense_Mutation	19	1219356	G	T	Hotspot	14	Not_found		Tier_II
KEAP1	p.R554Q	Missense_Mutation	19	10599915	C	T	Not_Hotspot	0	Not_found		Tier_II
SMAD4	p.Q256*	Nonsense_Mutation	18	48584593	C	T	Hotspot	14	Not_found		Tier_II
KEAP1	p.E540Rfs*32	Frame_Shift_Del	19	10599954	GTTTC	-	Not_Hotspot	0	Not_found		Tier_II
STK11	p.K146*	Nonsense_Mutation	19	1219384	A	T	Hotspot	86	Not_found		Tier_II
TP53	p.N239D	Missense_Mutation	17	7577566	T	C	Hotspot	41	Not_found		Tier_II
TP53	p.D57N	Missense_Mutation	17	7579518	C	T	Hotspot	29	Not_found		Tier_II
RB1	p.M148Vfs*8	Frame_Shift_Del	13	48919276	TA	-	Not_Hotspot	0	Not_found		Tier_II
MET	.	Frame_Shift_Del	7	116412043	G	-	Not_Hotspot	0	Not_found		Tier_IV
RB1	p.R552*	Nonsense_Mutation	13	48955538	C	T	Hotspot	13	Not_found		Tier_II
NF1	p.Q1617H	Missense_Mutation	17	29652853	A	T	Not_Hotspot	0	Not_found		Tier_II
TP53	p.P152L	Missense_Mutation	17	7578475	G	A	Hotspot	38	Not_found		Tier_II
ARID1A	p.Q457*	Nonsense_Mutation	1	27057661	C	T	Hotspot	5	Not_found		Tier_II
BRAF	p.W604L	Missense_Mutation	7	140453124	C	A	Hotspot	5	Not_found		Tier_II
NF1	p.G2397W	Missense_Mutation	17	29670153	G	T	Not_Hotspot	0	Not_found		Tier_II
NF1	p.X1325_splice	Splice_Site	17	29576001	G	T	Not_Hotspot	0	Not_found		Tier_II
NF1	p.Y489C	Missense_Mutation	17	29541542	A	G	Not_Hotspot	0	Not_found		Tier_II
TP53	p.E258Q	Missense_Mutation	17	7577509	C	G	Hotspot	47	Not_found		Tier_II
TP53	p.I195F	Missense_Mutation	17	7578266	T	A	Hotspot	79	Not_found		Tier_II
SMAD4	p.H382L	Missense_Mutation	18	48593394	A	T	Hotspot	15	Not_found		Tier_II
TP53	p.R248W	Missense_Mutation	17	7577539	G	A	Hotspot	560	Not_found		Tier_II
ALK	p.G640V	Missense_Mutation	2	29498087	C	A	Not_Hotspot	0	Not_found		Tier_IV
BRAF	p.G464V	Missense_Mutation	7	140481417	C	A	Hotspot	21	Not_found		Tier_II
BRAF	p.G397S	Missense_Mutation	7	140482946	C	T	Hotspot	10	Not_found		Tier_II
TP53	p.V274D	Missense_Mutation	17	7577117	A	T	Hotspot	46	Not_found		Tier_II
ARID1A	p.R1020S	Missense_Mutation	1	27094352	G	T	Hotspot	3	Not_found		Tier_II
NF1	p.D946Y	Missense_Mutation	17	29556469	G	T	Not_Hotspot	0	Not_found		Tier_II
ALK	p.Y635*	Nonsense_Mutation	2	29498275	G	T	Not_Hotspot	0	Not_found		Tier_IV
TP53	p.A159V	Missense_Mutation	17	7578454	G	A	Hotspot	52	Not_found		Tier_II
SMAD4	p.G168*	Nonsense_Mutation	18	48581198	G	T	Hotspot	19	Not_found		Tier_II
ARID1A	p.G945*	Nonsense_Mutation	1	27092812	G	T	Not_Hotspot	0	Not_found		Tier_IV
KEAP1	p.V604Wfs*68	Frame_Shift_Del	19	10597393	C	-	Hotspot	5	Not_found		Tier_II
STK11	p.G251C	Missense_Mutation	19	1221228	G	T	Hotspot	16	Not_found		Tier_II
TP53	p.A161D	Missense_Mutation	17	7578448	G	T	Hotspot	7	Not_found		Tier_II
ARID1A	p.S1225C	Missense_Mutation	1	27099437	C	G	Not_Hotspot	0	Not_found		Tier_IV
ALK	p.G452W	Missense_Mutation	2	29551276	C	A	Hotspot	4	Not_found		Tier_II
PIK3CA	p.D390N	Missense_Mutation	3	178927405	G	A	Not_Hotspot	0	Not_found		Tier_II
KEAP1	p.Y345*	Nonsense_Mutation	19	10602543	G	C	Hotspot	98	Not_found		Tier_II
ALK	p.P999T	Missense_Mutation	2	29449860	G	T	Not_Hotspot	0	Not_found		Tier_IV
STK11	p.G242V	Missense_Mutation	19	1220707	G	T	Hotspot	59	Not_found		Tier_II
KRAS	p.L19F	Missense_Mutation	12	25398262	C	A	Hotspot	12	Not_found		Tier_II
STK11	p.M129I	Missense_Mutation	19	1219335	G	T	Hotspot	12	Not_found		Tier_II
KEAP1	p.V79L	Missense_Mutation	19	10610475	C	G	Hotspot	34	Not_found		Tier_II
NF1	p.L1411Sfs*17	Frame_Shift_Del	17	29585418	C	-	Not_Hotspot	0	Not_found		Tier_II
STK11	p.S69*	Nonsense_Mutation	19	1207118	C	A	Hotspot	11	Not_found		Tier_II
KEAP1	p.G571D	Missense_Mutation	19	10597491	C	T	Hotspot	27	Not_found		Tier_II
STK11	p.I224V	Missense_Mutation	19	1220652	A	G	Hotspot	39	Not_found		Tier_II
